<ImportExportXml xmlns:xsi="http://www.w3.org/2001/XMLSchema-instance">
  <Entities></Entities>
  <Roles></Roles>
  <Workflows></Workflows>
  <FieldSecurityProfiles></FieldSecurityProfiles>
  <Templates />
  <EntityMaps />
  <EntityRelationships />
  <OrganizationSettings />
  <optionsets />
  <CustomControls>
    <CustomControl>
      <Name>houdini_hdn.SelectView</Name>
      <FileName>/Controls/houdini_hdn.SelectView/ControlManifest.xml</FileName>
    </CustomControl>
    <CustomControl>
      <Name>houdini_hdn.SelectEntity</Name>
      <FileName>/Controls/houdini_hdn.SelectEntity/ControlManifest.xml</FileName>
    </CustomControl>
    <CustomControl>
      <Name>houdini_hdn.SelectLookup</Name>
      <FileName>/Controls/houdini_hdn.SelectLookup/ControlManifest.xml</FileName>
    </CustomControl>
    <CustomControl>
      <Name>houdini_hdn.MultipleAttributes</Name>
      <FileName>/Controls/houdini_hdn.MultipleAttributes/ControlManifest.xml</FileName>
    </CustomControl>
    <CustomControl>
      <Name>houdini_hdn.SelectRelated</Name>
      <FileName>/Controls/houdini_hdn.SelectRelated/ControlManifest.xml</FileName>
    </CustomControl>
    <CustomControl>
      <Name>houdini_hdn.SelectAttribute</Name>
      <FileName>/Controls/houdini_hdn.SelectAttribute/ControlManifest.xml</FileName>
    </CustomControl>
  </CustomControls>
  <EntityDataProviders />
  <Languages>
    <Language>1033</Language>
  </Languages>
</ImportExportXml>