<manifest><control namespace="hdn" constructor="SelectLookup" version="0.0.1" display-name-key="SelectLookup" description-key="SelectLookup description" control-type="standard" api-version="1.2.1"><property name="Attribute" display-name-key="Attribute" description-key="Attribute (single)" of-type="SingleLine.Text" usage="bound" required="true" /><property name="Entity" display-name-key="Entity" description-key="The name or field Name of the Entity we are displaying the lookups of." of-type="SingleLine.Text" usage="input" required="false" /><resources><code path="bundle.js" order="1" /><css path="css/AttributeList.css" order="1" /><img path="img/DownArrowTransparent.png" /><img path="img/DownArrowTransparent2.png" /></resources><built-by name="pac" version="1.1.6" /></control></manifest>