<?xml version="1.0" encoding="UTF-8" standalone="yes"?>
<manifest>
  <control namespace="hdn" constructor="SelectAttribute" version="0.0.1" display-name-key="Select Attribute" description-key="Select Attribute from the specified entity" control-type="standard" api-version="1.2.1">
    <property name="Attribute" display-name-key="Attribute" description-key="Attribute (single)" of-type="SingleLine.Text" usage="bound" required="true"/>
    <property name="Entity" display-name-key="Entity" description-key="The name or field Name of the Entity we are displaying the attributes." of-type="SingleLine.Text" usage="input" required="true"/>
    <resources>
      <code path="bundle.js" order="1"/>
      <css path="css/AttributeList.css" order="1"/>
      <img path="img/DownArrowTransparent.png"/>
      <img path="img/DownArrowTransparent2.png"/>
    </resources>
    <built-by name="pac" version="1.1.6"/>
  </control>
</manifest>