<manifest><control namespace="hdn" constructor="SelectRelated" version="0.0.1" display-name-key="SelectRelated" description-key="SelectRelated description" control-type="standard" api-version="1.2.1"><property name="Attribute" display-name-key="Attribute" description-key="Attribute (single)" of-type="SingleLine.Text" usage="bound" required="true" /><property name="FormEntity" display-name-key="FormEntity" description-key="The name of the Entity this query will be displayed on" of-type="SingleLine.Text" usage="bound" required="true" /><property name="QueryEntity" display-name-key="QueryEntity" description-key="The name of the Entity being queried" of-type="SingleLine.Text" usage="bound" required="true" /><resources><code path="bundle.js" order="1" /><css path="css/AttributeList.css" order="1" /><img path="img/DownArrowTransparent.png" /><img path="img/DownArrowTransparent2.png" /></resources><feature-usage><uses-feature name="Utility" required="true" /></feature-usage><built-by name="pac" version="1.1.6" /></control></manifest>