<manifest><control namespace="hdn" constructor="SelectEntity" version="0.0.1" display-name-key="SelectEntity" description-key="SelectEntity description" control-type="standard" api-version="1.2.1"><property name="logicalName" display-name-key="logicalName" description-key="Logical Name" of-type="SingleLine.Text" usage="bound" required="true" /><property name="displayName" display-name-key="displayName" description-key="Display Name" of-type="SingleLine.Text" usage="bound" required="false" /><resources><code path="bundle.js" order="1" /><css path="css/AttributeList.css" order="1" /><img path="img/DownArrowTransparent.png" /><img path="img/DownArrowTransparent2.png" /></resources><built-by name="pac" version="1.1.6" /></control></manifest>