<manifest><control namespace="hdn" constructor="SelectView" version="0.0.1" display-name-key="SelectView" description-key="SelectView description" control-type="standard" api-version="1.2.1"><property name="View" display-name-key="View" description-key="View" of-type="SingleLine.Text" usage="bound" required="true" /><property name="Entity" display-name-key="Entity" description-key="The Entity of the views you wish to select" of-type="SingleLine.Text" usage="input" required="false" /><resources><code path="bundle.js" order="1" /><css path="css/AttributeList.css" order="1" /><img path="img/DownArrowTransparent.png" /><img path="img/DownArrowTransparent2.png" /></resources><feature-usage><uses-feature name="Utility" required="true" /></feature-usage><built-by name="pac" version="1.1.6" /></control></manifest>