<?xml version="1.0" encoding="UTF-8" standalone="yes"?>
<manifest>
  <control namespace="hdn" constructor="MultipleAttributes" version="0.0.1" display-name-key="Multiple Attributes" description-key="A Multiselect Entity Attributes Metadata Option Set" control-type="standard" api-version="1.2.1">
    <property name="Attribute" display-name-key="Attribute" description-key="Selected Attributes" of-type="SingleLine.Text" usage="bound" required="true"/>
    <property name="EntityName" display-name-key="Entity Name" description-key="The logical name of the Entity we are selecting the attributes of." of-type="SingleLine.Text" usage="input" required="true"/>
    <resources>
      <code path="bundle.js" order="1"/>
      <css path="css/hdnMultipleAttributes.css" order="1"/>
      <img path="img/DownArrowTransparent.png"/>
      <img path="img/DownArrowTransparent2.png"/>
    </resources>
    <feature-usage>
      <uses-feature name="Utility" required="true"/>
      <uses-feature name="WebAPI" required="true"/>
    </feature-usage>
    <built-by name="pac" version="1.1.6"/>
  </control>
</manifest>