<?xml version="1.0" encoding="UTF-8" standalone="yes"?>
<manifest>
  <control namespace="hdn" constructor="SelectForm" version="0.0.1" display-name-key="Select Form" description-key="A select control to allow the selection of an entitys form" control-type="standard" api-version="1.2.1">
    <property name="Form" display-name-key="Form" description-key="The form the Javascript will be added to" of-type="SingleLine.Text" usage="bound" required="true"/>
    <property name="Entity" display-name-key="Entity" description-key="The Entity of the form you wish to select" of-type="SingleLine.Text" usage="input" required="true"/>
    <resources>
      <code path="bundle.js" order="1"/>
      <css path="css/AttributeList.css" order="1"/>
      <img path="img/DownArrowTransparent.png"/>
      <img path="img/DownArrowTransparent2.png"/>
    </resources>
    <feature-usage>
      <uses-feature name="Utility" required="true"/>
    </feature-usage>
    <built-by name="pac" version="1.1.6"/>
  </control>
</manifest>