﻿<?xml version="1.0" encoding="utf-8"?>
<ImportExportXml xmlns:xsi="http://www.w3.org/2001/XMLSchema-instance">
  <Entities />
  <Roles />
  <Workflows />
  <FieldSecurityProfiles />
  <Templates />
  <EntityMaps />
  <EntityRelationships />
  <OrganizationSettings />
  <optionsets />
  <CustomControls>
    <CustomControl>
      <Name>hdn_hdn.MultipleAttributes</Name>
      <FileName>/Controls/hdn_hdn.MultipleAttributes/ControlManifest.xml</FileName>
    </CustomControl>
    <CustomControl>
      <Name>hdn_hdn.MultipleEntities</Name>
      <FileName>/Controls/hdn_hdn.MultipleEntities/ControlManifest.xml</FileName>
    </CustomControl>
    <CustomControl>
      <Name>hdn_hdn.SelectAttribute</Name>
      <FileName>/Controls/hdn_hdn.SelectAttribute/ControlManifest.xml</FileName>
    </CustomControl>
    <CustomControl>
      <Name>hdn_hdn.SelectEntity</Name>
      <FileName>/Controls/hdn_hdn.SelectEntity/ControlManifest.xml</FileName>
    </CustomControl>
    <CustomControl>
      <Name>hdn_hdn.SelectForm</Name>
      <FileName>/Controls/hdn_hdn.SelectForm/ControlManifest.xml</FileName>
    </CustomControl>
    <CustomControl>
      <Name>hdn_hdn.SelectLookup</Name>
      <FileName>/Controls/hdn_hdn.SelectLookup/ControlManifest.xml</FileName>
    </CustomControl>
    <CustomControl>
      <Name>hdn_hdn.SelectRelated</Name>
      <FileName>/Controls/hdn_hdn.SelectRelated/ControlManifest.xml</FileName>
    </CustomControl>
    <CustomControl>
      <Name>hdn_hdn.SelectView</Name>
      <FileName>/Controls/hdn_hdn.SelectView/ControlManifest.xml</FileName>
    </CustomControl>
  </CustomControls>
  <SolutionPluginAssemblies />
  <EntityDataProviders />
  <Languages>
    <Language>1033</Language>
  </Languages>
</ImportExportXml>